Unnamed: 0,A,CH,CR,J,LAW,LTD,PINC,TER,USE,document,document_ID,label,text,TER_targets,LTD_targets,A_targets,CH_targets,CR_targets
16203,0,0,0,0,0,0,0,0,0,TikTok,82,0,"if you are a user having your usual residence in germany , instead of the below this eula exclusively shall apply .",,,,,
16204,0,0,0,0,0,0,0,0,0,TikTok,82,0,"welcome to tiktok -lrb- the `` platform '' -rrb- , which is provided by musical.ly , inc. , with registered office at 1920 olympic blvd , santa monica , ca 90404 , usa , or one of our affiliates that may be specified in the supplemental terms -- jurisdiction-specific below to the extent you access the services from a specific jurisdiction -lrb- collectively such entities will be referred to as `` bytedance '' , `` we '' or `` us '' -rrb- .",,,,,
16205,0,0,0,0,0,0,0,0,0,TikTok,82,0,"you are reading the terms of service -lrb- the `` terms '' -rrb- , which govern the relationship and serve as an agreement between you and us and set forth the terms and conditions by which you may access and use the platform and our related websites , services , applications , products and content -lrb- collectively , the `` services '' -rrb- .",,,,,
16206,0,0,0,0,0,0,0,0,0,TikTok,82,0,"our services are provided for private , non-commercial use .",,,,,
16207,0,0,0,0,0,0,0,0,0,TikTok,82,0,"for purposes of these terms , `` you '' and `` your '' means you as the user of the services .",,,,,
16208,0,0,0,0,0,0,0,0,0,TikTok,82,0,the terms form a legally binding agreement between you and us .,,,,,
16209,0,0,0,0,0,0,0,0,0,TikTok,82,0,please take the time to read them carefully .,,,,,
16210,0,0,0,0,0,0,0,0,1,TikTok,82,1,"by accessing or using our services , you confirm that you can form a binding contract with bytedance , that you accept these terms and that you agree to comply with them .",,,,,
16211,0,0,0,0,0,0,0,0,0,TikTok,82,0,"your access to and use of our services is also subject to our privacy policy and community policy , the terms of which can be found directly on the platform , or where the platform is made available for download , on your mobile device 's applicable app store , and are incorporated herein by reference .",,,,,
16212,0,0,0,0,0,0,0,0,1,TikTok,82,1,"if you access or use the services from within a jurisdiction for which there are separate supplemental terms , you also hereby agree to the supplemental terms applicable to users in each jurisdiction as outlined below , and in the event of a conflict between the provisions of the supplemental terms -- jurisdiction-specific that are relevant to your jurisdiction from which you access or use the services , and the rest of these terms , the relevant jurisdictions ' supplemental terms -- jurisdiction-specific will supersede and control .",,,,,
16213,0,0,0,0,0,0,0,0,1,TikTok,82,1,"if you do not agree to these terms , you must not access or use our services .",,,,,
16214,0,0,0,0,0,0,0,0,0,TikTok,82,0,"if you are accessing or using the services on behalf of a business or entity , then -lrb- a -rrb- `` you '' and `` your '' includes you and that business or entity , -lrb- b -rrb- you represent and warrant that you are an authorized representative of the business or entity with the authority to bind the entity to these terms , and that you agree to these terms on the entity 's behalf , and -lrb- c -rrb- your business or entity is legally and financially responsible for your access or use of the services as well as for the access or use of your account by others affiliated with your entity , including any employees , agents or contractors .",,,,,
16215,0,0,0,0,0,0,0,0,1,TikTok,82,1,you can accept the terms by accessing or using our services .,,,,,
16216,0,0,0,0,0,0,0,0,1,TikTok,82,1,you understand and agree that we will treat your access or use of the services as acceptance of the terms from that point onwards .,,,,,
16217,0,0,0,0,0,0,0,0,0,TikTok,82,0,you should print off or save a local copy of the terms for your records .,,,,,
16218,0,1,0,0,0,0,0,0,0,TikTok,82,1,"we amend these terms from time to time , for instance when we update the functionality of our services , when we combine multiple apps or services operated by us or our affiliates into a single combined service or app , or when there are regulatory changes .",,,,"[6, 5]",
16219,0,1,0,0,0,0,0,0,0,TikTok,82,1,"we will use commercially reasonable efforts to provide reasonable notice to all users of any material changes to these terms , such as through a notice on our platform , however , you should look at the terms regularly to check for such changes .",,,,"[3, 2]",
16220,0,1,0,0,0,0,0,0,0,TikTok,82,1,"we will also update the `` last updated '' date at the top of these terms , which reflect the effective date of such terms .",,,,"[3, 2]",
16221,0,0,0,0,0,0,0,0,1,TikTok,82,1,your continued access or use of the services after the date of the new terms constitutes your acceptance of the new terms .,,,,,
16222,0,0,0,0,0,0,0,0,1,TikTok,82,1,"if you do not agree to the new terms , you must stop accessing or using the services .",,,,,
16223,0,0,0,0,0,0,0,0,0,TikTok,82,0,"to access or use some of our services , you must create an account with us .",,,,,
16224,0,0,0,0,0,0,0,0,0,TikTok,82,0,"when you create this account , you must provide accurate and up-to-date information .",,,,,
16225,0,0,0,0,0,0,0,0,0,TikTok,82,0,"it is important that you maintain and promptly update your details and any other information you provide to us , to keep such information current and complete .",,,,,
16226,0,0,0,0,0,0,0,0,0,TikTok,82,0,it is important that you keep your account password confidential and that you do not disclose it to any third party .,,,,,
16227,0,0,0,0,0,0,0,0,0,TikTok,82,0,"if you know or suspect that any third party knows your password or has accessed your account , you must promptly notify us at feedback@tiktok.com .",,,,,
16228,0,0,0,0,0,0,0,0,0,TikTok,82,0,you agree that you are solely responsible -lrb- to us and to others -rrb- for the activity that occurs under your account .,,,,,
16229,0,0,0,0,0,0,0,1,0,TikTok,82,1,"we reserve the right to disable your user account at any time , including if in our reasonable opinion you have failed to comply with any of the provisions of these terms , or if activities occur on your account which , in our sole discretion , would or might cause damage to or impair the services or infringe or violate any third party rights , or violate any applicable laws or regulations .","[1, 0]",,,,
16230,0,0,0,0,0,0,0,0,0,TikTok,82,0,"if you no longer want to use our services again , and would like your account deleted , we can take care of this for you .",,,,,
16231,0,0,0,0,0,0,0,0,0,TikTok,82,0,"please contact us via feedback@tiktok.com , and we will provide you with further assistance and guide you through the process .",,,,,
16232,0,0,0,0,0,0,0,0,0,TikTok,82,0,"please be minded that once you choose to delete your account , you will not be able to reactivate your account or retrieve any of the content or information you have added .",,,,,
16233,0,0,0,0,0,0,0,0,0,TikTok,82,0,your access to and use of the services is subject to these terms and all applicable laws and regulations .,,,,,
16234,0,0,0,0,0,0,0,0,0,TikTok,82,0,access or use the services if you are not over 13 or otherwise able to agree to these terms ;,,,,,
16235,0,0,0,0,0,0,0,0,0,TikTok,82,0,"to the greatest extent permitted under applicable law , make unauthorised copies , modify , adapt , translate , reverse engineer , disassemble , decompile or create any derivative works based on the services , including any files , tables or documentation -lrb- or any portion thereof -rrb- or determine or attempt to determine any source code , algorithms , methods or techniques embodied the platform or any derivative works thereof ;",,,,,
16236,0,0,0,0,0,0,0,0,0,TikTok,82,0,"distribute , license , transfer , or sell , in whole or in part , any of the services or any derivative works thereof ;",,,,,
16237,0,0,0,0,0,0,0,0,0,TikTok,82,0,"market , rent or lease the services for a fee or charge , or use the platform to advertise or perform any commercial solicitation ; use the services , without our express written consent , for any commercial or unauthorized purpose , including communicating or facilitating any commercial advertisement or solicitation or spamming ;",,,,,
16238,0,0,0,0,0,0,0,0,0,TikTok,82,0,"interfere with or attempt to interfere with the proper working of the services , disrupt our website or any networks connected to the services , or bypass any measures we may use to prevent or restrict access to the services ;",,,,,
16239,0,0,0,0,0,0,0,0,0,TikTok,82,0,incorporate the platform or any portion thereof into any other program or product .,,,,,
16240,0,0,0,0,0,0,0,1,0,TikTok,82,1,"in such case , we reserve the right to refuse service , terminate accounts or limit access to the services in our sole discretion ;",[9],,,,
16241,0,0,0,0,0,0,0,0,0,TikTok,82,0,use automated scripts to collect information from or otherwise interact with the services ;,,,,,
16242,0,0,0,0,0,0,0,0,0,TikTok,82,0,"impersonate any person or entity , or falsely state or otherwise misrepresent you or your affiliation with any person or entity , including giving the impression that any content you upload , post , transmit , distribute or otherwise make available emanates from the services ;",,,,,
16243,0,0,0,0,0,0,0,0,0,TikTok,82,0,"intimidate or harass another , or promote sexually explicit material , violence or discrimination based on race , sex , religion , nationality , disability , sexual orientation or age ;",,,,,
16244,0,0,0,0,0,0,0,0,0,TikTok,82,0,"use or attempt to use another 's account , service or system without authorisation from bytedance , or create a false identity on the services ;",,,,,
16245,0,0,0,0,0,0,0,0,0,TikTok,82,0,"use the services in a manner that may create a conflict of interest or undermine the purposes of the services , such as trading reviews with other users or writing or soliciting shill reviews ;",,,,,
16246,0,0,0,0,0,0,0,0,0,TikTok,82,0,"use the services to upload , transmit , distribute , store or otherwise make available in any way :",,,,,
16247,0,0,0,0,0,0,0,0,0,TikTok,82,0,"files that contain viruses , trojans , worms , logic bombs or other material that is malicious or technologically harmful ;",,,,,
16248,0,0,0,0,0,0,0,0,0,TikTok,82,0,"any unsolicited or unauthorised advertising , solicitations , promotional materials , `` junk mail , '' `` spam , '' `` chain letters , '' `` pyramid schemes , '' or any other prohibited form of solicitation ;",,,,,
16249,0,0,0,0,0,0,0,0,0,TikTok,82,0,"any private information of any third party , including addresses , phone numbers , email addresses , number and feature in the personal identity document -lrb- e.g. , national insurance numbers , passport numbers -rrb- or credit card numbers ;",,,,,
16250,0,0,0,0,0,0,0,0,0,TikTok,82,0,"any material which does or may infringe any copyright , trade mark or other intellectual property or privacy rights of any other person ;",,,,,
16251,0,0,0,0,0,0,0,0,0,TikTok,82,0,"any material which is defamatory of any person , obscene , offensive , pornographic , hateful or inflammatory ;",,,,,
16252,0,0,0,0,0,0,0,0,0,TikTok,82,0,"any material that would constitute , encourage or provide instructions for a criminal offence , dangerous activities or self-harm ;",,,,,
16253,0,0,0,0,0,0,0,0,0,TikTok,82,0,"any material that is deliberately designed to provoke or antagonise people , especially trolling and bullying , or is intended to harass , harm , hurt , scare , distress , embarrass or upset people ;",,,,,
16254,0,0,0,0,0,0,0,0,0,TikTok,82,0,"any material that contains a threat of any kind , including threats of physical violence ;",,,,,
16255,0,0,0,0,0,0,0,0,0,TikTok,82,0,"any material that is racist or discriminatory , including discrimination on the basis of someone 's race , religion , age , gender , disability or sexuality ;",,,,,
16256,0,0,0,0,0,0,0,0,0,TikTok,82,0,"any answers , responses , comments , opinions , analysis or recommendations that you are not properly licensed or otherwise qualified to provide ;",,,,,
16257,0,0,0,0,0,0,0,0,0,TikTok,82,0,"material that , in the sole judgment of bytedance , is objectionable or which restricts or inhibits any other person from using the services , or which may expose bytedance , the services or its users to any harm or liability of any type ; or",,,,,
16258,0,0,0,0,0,0,0,0,0,TikTok,82,0,"in addition to the above , your access to and use of the services must , at all times , be compliant with our community policy .",,,,,
16259,0,0,1,0,0,0,0,0,0,TikTok,82,1,"we reserve the right , at any time and without prior notice , to remove or disable access to content at our discretion for any reason or no reason .",,,,,"[0, 2]"
16260,0,0,1,0,0,0,0,0,0,TikTok,82,1,"some of the reasons we may remove or disable access to content may include finding the content objectionable , in violation of these terms or our community policy , or otherwise harmful to the services or our users .",,,,,"[5, 4, 7]"
16261,0,0,0,0,0,0,0,0,0,TikTok,82,0,we respect intellectual property rights and ask you to do the same .,,,,,
16262,0,0,0,0,0,0,0,0,0,TikTok,82,0,"as a condition of your access to and use of the services , you agree not to use the services to infringe on any intellectual property rights , for example , you must not upload any content owned by anyone else to the platform .",,,,,
16263,0,0,0,0,0,0,0,1,0,TikTok,82,1,"we reserve the right , with or without notice , at any time and in our sole discretion to block access to and/or terminate the accounts of any user who infringes or is alleged to infringe any copyrights or other intellectual property rights .","[4, 27]",,,,
16264,0,0,0,0,0,0,0,0,0,TikTok,82,0,"as between you and bytedance , all content , software , images , text , graphics , illustrations , logos , patents , trademarks , service marks , copyrights , photographs , audio , videos , music on and `` look and feel '' of the services , and all intellectual property rights related thereto -lrb- the `` bytedance content '' -rrb- , are either owned or licensed by bytedance , it being understood that you or your licensors will own any user content -lrb- as defined below -rrb- you upload or transmit through the services .",,,,,
16265,0,0,0,0,0,0,0,0,0,TikTok,82,0,use of the bytedance content or materials on the services for any purpose not expressly permitted by these terms is strictly prohibited .,,,,,
16266,0,0,0,0,0,0,0,0,0,TikTok,82,0,"such content may not be downloaded , copied , reproduced , distributed , transmitted , broadcast , displayed , sold , licensed or otherwise exploited for any purpose whatsoever without our or , where applicable , our licensors ' prior written consent .",,,,,
16267,0,0,0,0,0,0,0,0,0,TikTok,82,0,we and our licensors reserve all rights not expressly granted in and to their content .,,,,,
16268,0,0,0,0,0,0,0,0,0,TikTok,82,0,"you acknowledge and agree that we may generate revenues , increase goodwill or otherwise increase our value from your use of the services , including , by way of example and not limitation , through the sale of advertising , sponsorships , promotions , usage data and gifts -lrb- defined below -rrb- , and except as specifically permitted by us in these terms or in another agreement you enter into with us , you will have no right to share in any such revenue , goodwill or value whatsoever .",,,,,
16269,0,0,0,0,0,0,0,0,0,TikTok,82,0,"you further acknowledge that , except as specifically permitted by us in these terms or in another agreement you enter into with us , you -lrb- i -rrb- have no right to receive any income or other consideration from any user content -lrb- defined below -rrb- or your use of any musical works , sound recordings or audiovisual clips made available to you on or through the services , including in any user content created by you , and -lrb- ii -rrb- are prohibited from exercising any rights to monetize or obtain consideration from any user content within the services or on any third party service -lrb- e.g. , you can not claim user content that has been uploaded to a social media platform such as youtube for monetization -rrb- .",,,,,
16270,0,0,0,0,0,0,0,0,0,TikTok,82,0,"subject to the terms and conditions of the terms , you are hereby granted a non-exclusive , limited , non-transferable , non-sublicensable , revocable , worldwide license to access and use the services , including to download the platform on a permitted device , and to access the bytedance content solely for your personal , non-commercial use through your use of the services and solely in compliance with these terms .",,,,,
16271,0,0,0,0,0,0,0,0,0,TikTok,82,0,bytedance reserves all rights not expressly granted herein in the services and the bytedance content .,,,,,
16272,0,0,0,0,0,0,0,0,0,TikTok,82,0,you acknowledge and agree that bytedance may terminate this license at any time for any reason or no reason .,,,,,
16273,0,0,0,0,0,0,0,0,0,TikTok,82,0,no rights are licensed with respect to sound recordings and the musical works embodied therein that are made available from or through the service .,,,,,
16274,0,0,0,0,0,0,0,0,0,TikTok,82,0,"you acknowledge and agree that when you view content provided by others on the services , you are doing so at your own risk .",,,,,
16275,0,0,0,0,0,0,0,0,0,TikTok,82,0,the content on our services is provided for general information only .,,,,,
16276,0,0,0,0,0,0,0,0,0,TikTok,82,0,it is not intended to amount to advice on which you should rely .,,,,,
16277,0,0,0,0,0,0,0,0,0,TikTok,82,0,"you must obtain professional or specialist advice before taking , or refraining from , any action on the basis of the content on our services .",,,,,
16278,0,0,0,0,0,0,0,0,0,TikTok,82,0,"we make no representations , warranties or guarantees , whether express or implied , that any bytedance content -lrb- including user content -rrb- is accurate , complete or up to date .",,,,,
16279,0,0,0,0,0,0,0,0,0,TikTok,82,0,"where our services contain links to other sites and resources provided by third parties , these links are provided for your information only .",,,,,
16280,0,0,0,0,0,0,0,0,0,TikTok,82,0,we have no control over the contents of those sites or resources .,,,,,
16281,0,0,0,0,0,0,0,0,0,TikTok,82,0,such links should not be interpreted as approval by us of those linked websites or information you may obtain from them .,,,,,
16282,0,0,0,0,0,0,0,0,0,TikTok,82,0,"you acknowledge that we have no obligation to pre-screen , monitor , review , or edit any content posted by you and other users on the platform -lrb- including user content -rrb- .",,,,,
16283,0,0,0,0,0,0,0,0,0,TikTok,82,0,"users of the services may be permitted to upload , post or transmit -lrb- such as via a stream -rrb- or otherwise make available content through the services including , without limitation , any text , photographs , user videos , sound recordings and the musical works embodied therein , including videos that incorporate locally stored sound recordings from your personal music library and ambient noise -lrb- `` user content '' -rrb- .",,,,,
16284,0,0,0,0,0,0,0,0,0,TikTok,82,0,"users of the services may also extract all or any portion of user content created by another user to produce additional user content , including collaborative user content with other users , that combine and intersperse user content generated by more than one user .",,,,,
16285,0,0,0,0,0,0,0,0,0,TikTok,82,0,"users of the services may also overlay music , graphics , stickers , virtual items -lrb- as defined and further explained in the `` supplemental terms -- virtual items policy `` -rrb- and other elements provided by bytedance -lrb- `` bytedance elements '' -rrb- onto this user content and transmit this user content through the services .",,,,,
16286,0,0,0,0,0,0,0,0,0,TikTok,82,0,"the information and materials in the user content , including user content that includes bytedance elements , have not been verified or approved by us .",,,,,
16287,0,0,0,0,0,0,0,0,0,TikTok,82,0,the views expressed by other users on the services -lrb- including through use of the virtual gifts -rrb- do not represent our views or values .,,,,,
16288,0,0,0,0,0,0,0,0,0,TikTok,82,0,"whenever you access or use a feature that allows you to upload or transmit user content through the services -lrb- including via certain third party social media platforms such as instagram , facebook , youtube , twitter -rrb- , or to make contact with other users of the services , you must comply with the standards set out at section 5 above .",,,,,
16289,0,0,0,0,0,0,0,0,0,TikTok,82,0,"you may also choose to upload or transmit your user content , including user content that includes bytedance elements , on sites or platforms hosted by third parties .",,,,,
16290,0,0,0,0,0,0,0,0,0,TikTok,82,0,"if you decide to do this , you must comply with their content guidelines as well as with the standards set out in this section 7 above .",,,,,
16291,0,0,0,0,0,0,0,0,0,TikTok,82,0,"you warrant that any such contribution does comply with those standards , and you will be liable to us and indemnify us for any breach of that warranty .",,,,,
16292,0,0,0,0,0,0,0,0,0,TikTok,82,0,this means you will be responsible for any loss or damage we suffer as a result of your breach of warranty .,,,,,
16293,0,0,0,0,0,0,0,0,0,TikTok,82,0,any user content will be considered non-confidential and non-proprietary .,,,,,
16294,0,0,0,0,0,0,0,0,0,TikTok,82,0,you must not post any user content on or through the services or transmit to us any user content that you consider to be confidential or proprietary .,,,,,
16295,0,0,0,0,0,0,0,0,0,TikTok,82,0,"when you submit user content through the services , you agree and represent that you own that user content , or you have received all necessary permissions , clearances from , or are authorised by , the owner of any part of the content to submit it to the services , to transmit it from the services to other third party platforms , and/or adopt any third party content .",,,,,
16296,0,0,0,0,0,0,0,0,0,TikTok,82,0,"if you only own the rights in and to a sound recording , but not to the underlying musical works embodied in such sound recordings , then you must not post such sound recordings to the services unless you have all permissions , clearances from , or are authorised by , the owner of any part of the content to submit it to the services .",,,,,
16297,0,0,0,0,0,0,0,0,0,TikTok,82,0,"you or the owner of your user content still own the copyright in user content sent to us , but by submitting user content via the services , you hereby grant us an unconditional irrevocable , non-exclusive , royalty-free , fully transferable , perpetual worldwide licence to use , modify , adapt , reproduce , make derivative works of , publish and/or transmit , and/or distribute and to authorise others users of the services and other third-parties to view , access , use , download , modify , adapt , reproduce , make derivative works of , publish and/or transmit your user content in any format and on any platform , either now known or hereinafter invented .",,,,,
16298,0,0,0,0,0,0,0,0,0,TikTok,82,0,"you further grant us a royalty-free license to use your user name , image , voice , and likeness to identify you as the source of any of your user content .",,,,,
16299,0,0,0,0,0,0,0,0,0,TikTok,82,0,"for the avoidance of doubt , the rights granted in the preceding paragraphs of this section include , but are not limited to , the right to reproduce sound recordings -lrb- and make mechanical reproductions of the musical works embodied in such sound recordings -rrb- , and publicly perform and communicate to the public sound recordings -lrb- and the musical works embodied therein -rrb- , all on a royalty-free basis .",,,,,
16300,0,0,0,0,0,0,0,0,0,TikTok,82,0,"this means that you are granting us the right to use your user content without the obligation to pay royalties to any third party , including , but not limited to , a sound recording copyright owner -lrb- e.g. , a record label -rrb- , a musical work copyright owner -lrb- e.g. , a music publisher -rrb- , a performing rights organization -lrb- e.g. , ascap , bmi , sesac , etc. -rrb- -lrb- a `` pro '' -rrb- , a sound recording pro -lrb- e.g. , soundexchange -rrb- , any unions or guilds , and engineers , producers or other royalty participants involved in the creation of user content .",,,,,
16301,0,0,0,0,0,0,0,0,0,TikTok,82,0,specific rules for musical works and for recording artists .,,,,,
16302,0,0,0,0,0,0,0,0,0,TikTok,82,0,"if you are a composer or author of a musical work and are affiliated with a -lsb- pro -rsb- , then you must notify your pro of the royalty-free license you grant through these terms in your user content to us .",,,,,
16303,0,0,0,0,0,0,0,0,0,TikTok,82,0,you are solely responsible for ensuring your compliance with the relevant pro 's reporting obligations .,,,,,
16304,0,0,0,0,0,0,0,0,0,TikTok,82,0,"if you have assigned your rights to a music publisher , then you must obtain the consent of such music publisher to grant the royalty-free license -lrb- s -rrb- set forth in these terms in your user content or have such music publisher enter into these terms with us .",,,,,
16305,0,0,0,0,0,0,0,0,0,TikTok,82,0,"just because you authored a musical work -lrb- e.g. , wrote a song -rrb- does not mean you have the right to grant us the licenses in these terms .",,,,,
16306,0,0,0,0,0,0,0,0,0,TikTok,82,0,"if you are a recording artist under contract with a record label , then you are solely responsible for ensuring that your use of the services is in compliance with any contractual obligations you may have to your record label , including if you create any new recordings through the services that may be claimed by your label .",,,,,
16307,0,0,0,0,0,0,0,0,0,TikTok,82,0,"through-to-the-audience rights.all of the rights you grant in your user content in these terms are provided on a through-to-the-audience basis , meaning the owners or operators of third party services will not have any separate liability to you or any other third party for user content posted or used on such third party service via the services .",,,,,
16308,0,0,0,0,0,0,0,0,0,TikTok,82,0,"waiver of rights to user content.by posting user content to or through the services , you waive any rights to prior inspection or approval of any marketing or promotional materials related to such user content .",,,,,
16309,0,0,0,0,0,0,0,0,0,TikTok,82,0,"you also waive any and all rights of privacy , publicity , or any other rights of a similar nature in connection with your user content , or any portion thereof .",,,,,
16310,0,0,0,0,0,0,0,0,0,TikTok,82,0,"to the extent any moral rights are not transferable or assignable , you hereby waive and agree never to assert any and all moral rights , or to support , maintain or permit any action based on any moral rights that you may have in or with respect to any user content you post to or through the services .",,,,,
16311,0,0,0,0,0,0,0,0,0,TikTok,82,0,"in certain circumstances , we also have the right to disclose your identity to any third party who is claiming that any user content posted or uploaded by you to our services constitutes a violation of their intellectual property rights , or of their right to privacy .",,,,,
16312,0,0,0,0,0,0,0,0,0,TikTok,82,0,"we , or authorised third parties , reserve the right to cut , crop , edit or refuse to publish , your content at our or their sole discretion .",,,,,
16313,0,0,1,0,0,0,0,0,0,TikTok,82,1,"we have the right to remove , disallow , block or delete any posting you make on our platform if , in our opinion , your post does not comply with the content standards set out at section 5 -lrb- your use of our services -rrb- above .",,,,,[8]
16314,0,0,1,0,0,0,0,0,0,TikTok,82,1,"in addition , we have the right -- but not the obligation -- in our sole discretion to remove , disallow , block or delete any user content -lrb- i -rrb- that we consider to violate these terms , or -lrb- ii -rrb- in response to complaints from other users or third parties , with or without notice and without any liability to you .",,,,,"[4, 9, 0, 14]"
16315,0,0,0,0,0,0,0,0,0,TikTok,82,0,"as a result , we recommend that you save copies of any user content that you post to the services on your personal device -lrb- s -rrb- in the event that you want to ensure that you have permanent access to copies of such user content .",,,,,
16316,0,0,0,0,0,1,0,0,0,TikTok,82,1,"we do not guarantee the accuracy , integrity , appropriateness or quality of any user content , and under no circumstances will we be liable in any way for any user content .",,"[6, 14]",,,
16317,0,0,0,0,0,0,0,0,0,TikTok,82,0,you control whether your user content is made publicly available on the services to all other users of the services or only available to people you approve .,,,,,
16318,0,0,0,0,0,0,0,0,0,TikTok,82,0,"to change the default access setting for how your user content is made available to other users , you should select the privacy setting available within the apps .",,,,,
16319,0,0,0,0,0,1,0,0,0,TikTok,82,1,we accept no liability in respect of any content submitted by users and published by us or by authorised third parties .,,[14],,,
16320,0,0,0,0,0,0,0,0,0,TikTok,82,0,if you wish to complain about information and materials uploaded by other users please contact us at feedback@tiktok.com .,,,,,
16321,0,0,1,0,0,0,0,0,0,TikTok,82,1,bytedance takes reasonable measures to expeditiously remove from our services any infringing material that we become aware of .,,,,,[14]
16322,0,0,0,0,0,0,0,1,0,TikTok,82,1,"it is bytedance 's policy , in appropriate circumstances and at its discretion , to disable or terminate the accounts of users of the services who repeatedly infringe copyrights or intellectual property rights of others .",[4],,,,
16323,0,0,0,0,0,0,0,0,0,TikTok,82,0,"while our own staff is continually working to develop and evaluate our own product ideas and features , we pride ourselves on paying close attention to the interests , feedback , comments , and suggestions we receive from the user community .",,,,,
16324,0,0,0,0,0,0,0,0,0,TikTok,82,0,"if you choose to contribute by sending us or our employees any ideas for products , services , features , modifications , enhancements , content , refinements , technologies , content offerings -lrb- such as audio , visual , games , or other types of content -rrb- , promotions , strategies , or product/feature names , or any related documentation , artwork , computer code , diagrams , or other materials -lrb- collectively `` feedback '' -rrb- , then regardless of what your accompanying communication may say , the following terms will apply , so that future misunderstandings can be avoided .",,,,,
16325,0,0,0,0,0,0,0,0,0,TikTok,82,0,"accordingly , by sending feedback to us , you agree that :",,,,,
16326,0,0,0,0,0,0,0,0,0,TikTok,82,0,"we have no obligation to review , consider , or implement your feedback , or to return to you all or part of any feedback for any reason ;",,,,,
16327,0,0,0,0,0,0,0,0,0,TikTok,82,0,"feedback is provided on a non-confidential basis , and we are not under any obligation to keep any feedback you send confidential or to refrain from using or disclosing it in any way ;",,,,,
16328,0,0,0,0,0,0,0,0,0,TikTok,82,0,"and you irrevocably grant us perpetual and unlimited permission to reproduce , distribute , create derivative works of , modify , publicly perform -lrb- including on a through-to-the-audience basis -rrb- , communicate to the public , make available , publicly display , and otherwise use and exploit the feedback and derivatives thereof for any purpose and without restriction , free of charge and without attribution of any kind , including by making , using , selling , offering for sale , importing , and promoting commercial products and services that incorporate or embody feedback , whether in whole or in part , and whether as provided or as modified .",,,,,
16329,0,0,0,0,0,0,0,0,0,TikTok,82,0,"you agree to defend , indemnify , and hold harmless bytedance , its parents , subsidiaries , and affiliates , and each of their respective officers , directors , employees , agents and advisors from any and all claims , liabilities , costs , and expenses , including , but not limited to , attorneys ' fees and expenses , arising out of a breach by you or any user of your account of these terms or arising out of a breach of your obligations , representation and warranties under these terms .",,,,,
16330,0,0,0,0,0,0,0,0,0,TikTok,82,0,nothing in these terms shall affect any statutory rights that you can not contractually agree to alter or waive and are legally always entitled to as a consumer .,,,,,
16331,0,0,0,0,0,0,0,0,0,TikTok,82,0,the services are provided `` as is '' and we make no warranty or representation to you with respect to them .,,,,,
16332,0,0,0,0,0,0,0,0,0,TikTok,82,0,in particular we do not represent or warrant to you that :,,,,,
16333,0,0,0,0,0,0,0,0,0,TikTok,82,0,your use of the services will meet your requirements ;,,,,,
16334,0,0,0,0,0,0,0,0,0,TikTok,82,0,"your use of the services will be uninterrupted , timely , secure or free from error ;",,,,,
16335,0,0,0,0,0,0,0,0,0,TikTok,82,0,any information obtained by you as a result of your use of the services will be accurate or reliable ; and,,,,,
16336,0,0,0,0,0,0,0,0,0,TikTok,82,0,defects in the operation or functionality of any software provided to you as part of the services will be corrected .,,,,,
16337,0,0,0,0,0,0,0,0,0,TikTok,82,0,"no conditions , warranties or other terms -lrb- including any implied terms as to satisfactory quality , fitness for purpose or conformance with description -rrb- apply to the services except to the extent that they are expressly set out in the terms .",,,,,
16338,0,1,0,0,0,0,0,0,0,TikTok,82,1,"we may change , suspend , withdraw or restrict the availability of all or any part of our platform for business and operational reasons at any time without notice",,,,"[0, 1]",
16339,0,0,0,0,0,0,0,0,0,TikTok,82,0,nothing in these terms shall exclude or limit our liability for losses which may not be lawfully excluded or limited by applicable law .,,,,,
16340,0,0,0,0,0,0,0,0,0,TikTok,82,0,"this includes liability for death or personal injury caused by our negligence or the negligence of our employees , agents or subcontractors and for fraud or fraudulent misrepresentation .",,,,,
16341,0,0,0,0,0,1,0,0,0,TikTok,82,1,"subject to the paragraph above , we shall not be liable to you for : -lrb- i -rrb- any loss of profit -lrb- whether incurred directly or indirectly -rrb- ; -lrb- ii -rrb- any loss of goodwill ; -lrb- iii -rrb- any loss of opportunity ; -lrb- iv -rrb- any loss of data suffered by you ; or -lrb- v -rrb- any indirect or consequential losses which may be incurred by you .",,"[9, 8, 13, 16]",,,
16342,0,0,0,0,0,1,0,0,0,TikTok,82,1,any other loss will be limited to the amount paid by you to bytedance within the last 12 months .,,[4],,,
16343,0,0,0,0,0,0,0,0,0,TikTok,82,0,any loss or damage which may be incurred by you as a result of :,,,,,
16344,0,0,0,0,0,0,0,0,0,TikTok,82,0,"any reliance placed by you on the completeness , accuracy or existence of any advertising , or as a result of any relationship or transaction between you and any advertiser or sponsor whose advertising appears on the service ;",,,,,
16345,0,0,0,0,0,0,0,0,0,TikTok,82,0,"any changes which we may make to the services , or for any permanent or temporary cessation in the provision of the services -lrb- or any features within the services -rrb- ;",,,,,
16346,0,0,0,0,0,0,0,0,0,TikTok,82,0,"the deletion of , corruption of , or failure to store , any content and other communications data maintained or transmitted by or through your use of the services ;",,,,,
16347,0,0,0,0,0,0,0,0,0,TikTok,82,0,your failure to provide us with accurate account information ; or,,,,,
16348,0,0,0,0,0,0,0,0,0,TikTok,82,0,your failure to keep your password or account details secure and confidential .,,,,,
16349,0,0,0,0,0,0,0,0,0,TikTok,82,0,please note that we only provide our platform for domestic and private use .,,,,,
16350,0,0,0,0,0,1,0,0,0,TikTok,82,1,"you agree not to use our platform for any commercial or business purposes , and we have no liability to you for any loss of profit , loss of business , loss of goodwill or business reputation , business interruption , or loss of business opportunity .",,"[8, 9, 1]",,,
16351,0,0,0,0,0,0,0,0,0,TikTok,82,0,"if defective digital content that we have supplied damages a device or digital content belonging to you and this is caused by our failure to use reasonable care and skill , we will either repair the damage or pay you compensation .",,,,,
16352,0,0,0,0,0,1,0,0,0,TikTok,82,1,"however , we will not be liable for damage that you could have avoided by following our advice to apply an update offered to you free of charge or for damage that was caused by you failing to correctly follow installation instructions or to have in place the minimum system requirements advised by us .",,[3],,,
16353,0,0,0,0,0,1,0,0,0,TikTok,82,1,these limitations on our liability to you shall apply whether or not we have been advised of or should have been aware of the possibility of any such losses arising .,,[11],,,
16354,0,0,0,0,0,0,0,0,0,TikTok,82,0,"you are responsible for any mobile charges that may apply to your use of our service , including text-messaging and data charges .",,,,,
16355,0,0,0,0,0,0,0,0,0,TikTok,82,0,"if you 're unsure what those charges may be , you should ask your service provider before using the service .",,,,,
16356,0,0,0,0,0,1,0,0,0,TikTok,82,1,"to the fullest extent permitted by law , any dispute you have with any third party arising out of your use of the services , including , by way of example and not limitation , any carrier , copyright owner or other user , is directly between you and such third party , and you irrevocably release us and our affiliates from any and all claims , demands and damages -lrb- actual and consequential -rrb- of every kind and nature , known and unknown , arising out of or in any way connected with such disputes .",,"[0, 6]",,,
16357,0,0,0,0,0,0,0,0,0,TikTok,82,0,applicable law and jurisdiction for users in the european union .,,,,,
16358,0,0,0,0,1,0,0,0,0,TikTok,82,1,"these terms , their subject matter and their formation , are governed by the laws of singapore subject only to any mandatory provisions of consumer law in the country in which you reside .",,,,,
16359,0,0,0,0,1,0,0,0,0,TikTok,82,1,"the united nations convention on contracts for the international sale of goods as well as any other similar law , regulation or statute in effect in any other jurisdiction shall not apply .",,,,,
16360,0,0,0,0,0,0,0,0,0,TikTok,82,0,you and tiktok irrevocably agree that the courts of the country in which you reside shall have non-exclusive jurisdiction to settle any dispute or claim -lrb- including non-contractual disputes or claims -rrb- arising out of or in connection with this agreement or its subject matter or formation .,,,,,
16361,0,0,0,0,0,0,0,0,0,TikTok,82,0,"alternatively , you may raise the dispute with an alternative dispute resolution body via the eu commission 's online dispute resolution -lrb- odr -rrb- platform .",,,,,
16362,0,0,0,0,0,0,0,0,0,TikTok,82,0,the apps contain certain open source software .,,,,,
16363,0,0,0,0,0,0,0,0,0,TikTok,82,0,"each item of open source software is subject to its own applicable license terms , which can be found at open source policy .",,,,,
16364,0,0,0,0,0,0,0,0,0,TikTok,82,0,entire agreement.these terms -lrb- including the supplemental terms below -rrb- constitute the whole legal agreement between you and bytedance and govern your use of the services and completely replace any prior agreements between you and bytedance in relation to the services .,,,,,
16365,0,0,0,0,0,0,0,0,0,TikTok,82,0,"you may link to our home page , provided you do so in a way that is fair and legal and does not damage our reputation or take advantage of it .",,,,,
16366,0,0,0,0,0,0,0,0,0,TikTok,82,0,"you must not establish a link in such a way as to suggest any form of association , approval or endorsement on our part where none exists .",,,,,
16367,0,0,0,0,0,0,0,0,0,TikTok,82,0,you must not establish a link to our platform in any website that is not owned by you .,,,,,
16368,0,0,0,0,0,0,0,0,0,TikTok,82,0,the website in which you are linking must comply in all respects with the content standards set out at section 5 -lrb- your use of our services -rrb- above .,,,,,
16369,0,0,0,0,0,0,0,0,0,TikTok,82,0,we reserve the right to withdraw linking permission without notice .,,,,,
16370,0,0,0,0,0,0,0,0,0,TikTok,82,0,age limit.the platform is only for people 13 years old and over unless they have the consent of a parent or legal guardian .,,,,,
16371,0,0,0,0,0,0,0,0,0,TikTok,82,0,"by using the platform , you confirm that you are over the relevant age specified above .",,,,,
16372,0,0,0,0,0,0,0,0,0,TikTok,82,0,"if we learn that someone under the relevant age specified above is using the platform , we will terminate that user 's account .",,,,,
16373,0,0,0,0,0,0,0,0,0,TikTok,82,0,"in addition , if you are under the relevant age specified above , you confirm that you possess legal parental or guardian consent for accessing or using the platform , and are fully able and competent to enter into , abide by , and comply with the terms",,,,,
16374,0,0,0,0,0,0,0,0,0,TikTok,82,0,our failure to insist upon or enforce any provision of these terms shall not be construed as a waiver of any provision or right .,,,,,
16375,0,0,0,0,0,0,0,0,0,TikTok,82,0,we do not guarantee that our platform will be secure or free from bugs or viruses .,,,,,
16376,0,0,0,0,0,0,0,0,0,TikTok,82,0,"you are responsible for configuring your information technology , computer programmes and platform to access our platform .",,,,,
16377,0,0,0,0,0,0,0,0,0,TikTok,82,0,you should use your own virus protection software .,,,,,
16378,0,0,0,0,0,0,0,0,0,TikTok,82,0,"severability.if any court of law , having jurisdiction to decide on this matter , rules that any provision of these terms is invalid , then that provision will be removed from the terms without affecting the rest of the terms , and the remaining provisions of the terms will continue to be valid and enforceable .",,,,,
16379,0,0,0,0,0,0,0,0,0,TikTok,82,0,any questions?get in touch at feedback@tiktok.com .,,,,,
16380,0,0,0,0,0,0,0,0,0,TikTok,82,0,"to the extent permitted by applicable law , the following supplemental terms shall apply :",,,,,
16381,0,0,0,0,0,0,0,0,0,TikTok,82,0,"by accessing the platform through a device made by apple , inc. -lrb- `` apple '' -rrb- , you specifically acknowledge and agree that :",,,,,
16382,0,0,0,0,0,0,0,0,0,TikTok,82,0,these terms between bytedance and you ; apple is not a party to these terms .,,,,,
16383,0,0,0,0,0,0,0,0,0,TikTok,82,0,"the license granted to you hereunder is limited to a personal , limited , non-exclusive , non-transferable right to install the platform on the apple device -lrb- s -rrb- authorised by apple that you own or control for personal , non-commercial use , subject to the usage rules set forth in apple 's app store terms of services .",,,,,
16384,0,0,0,0,0,0,0,0,0,TikTok,82,0,apple is not responsible for the platform or the content thereof and has no obligation whatsoever to furnish any maintenance or support services with respect to the platform .,,,,,
16385,0,0,0,0,0,0,0,0,0,TikTok,82,0,"in the event of any failure of the platform to conform to any applicable warranty , you may notify apple , and apple will refund the purchase price for the platform , if any , to you .",,,,,
16386,0,0,0,0,0,0,0,0,0,TikTok,82,0,"to the maximum extent permitted by applicable law , apple will have no other warranty obligation whatsoever with respect to the platform .",,,,,
16387,0,0,0,0,0,0,0,0,0,TikTok,82,0,"apple is not responsible for addressing any claims by you or a third party relating to the platform or your possession or use of the platform , including without limitation -lrb- a -rrb- product liability claims ; -lrb- b -rrb- any claim that the platform fails to conform to any applicable legal or regulatory requirement ; and -lrb- c -rrb- claims arising under consumer protection or similar legislation .",,,,,
16388,0,0,0,0,0,0,0,0,0,TikTok,82,0,"in the event of any third party claim that the platform or your possession and use of the platform infringes such third party 's intellectual property rights , apple is not responsible for the investigation , defence , settlement or discharge of such intellectual property infringement claim .",,,,,
16389,0,0,0,0,0,0,0,0,0,TikTok,82,0,"you represent and warrant that -lrb- a -rrb- you are not located in a country that is subject to a u.s. government embargo , or that has been designated by the u.s. government as a `` terrorist supporting '' country ; and -lrb- b -rrb- you are not listed on any u.s. government list of prohibited or restricted parties .",,,,,
16390,0,0,0,0,0,0,0,0,0,TikTok,82,0,"apple and its subsidiaries are third party beneficiaries of these terms and upon your acceptance of the terms and conditions of these terms , apple will have the right -lrb- and will be deemed to have accepted the right -rrb- to enforce these terms against you as a third party beneficiary hereof .",,,,,
16391,0,0,0,0,0,0,0,0,0,TikTok,82,0,bytedance expressly authorises use of the platform by multiple users through the family sharing or any similar functionality provided by apple .,,,,,
16392,0,0,0,0,0,0,0,0,0,TikTok,82,0,"windows phone store.by downloading the platform from the windows phone store -lrb- or its successors -rrb- operated by microsoft , inc. or its affiliates , you specifically acknowledge and agree that :",,,,,
16393,0,0,0,0,0,0,0,0,0,TikTok,82,0,you may install and use one copy of the platform on up to five -lrb- 5 -rrb- windows phone enabled devices that are affiliated with the microsoft account you use to access the windows phone store .,,,,,
16394,0,0,0,0,0,0,0,0,0,TikTok,82,0,"beyond that , we reserve the right to apply additional conditions or charge additional fees .",,,,,
16395,0,0,0,0,0,0,0,0,0,TikTok,82,0,"you acknowledge that microsoft corporation , your phone manufacturer and network operator have no obligation whatsoever to furnish any maintenance and support services with respect to the platform .",,,,,
16396,0,0,0,0,0,0,0,0,0,TikTok,82,0,"by downloading the platform from the amazon appstore -lrb- or its successors -rrb- operated by amazon digital services , inc. or affiliates -lrb- `` amazon '' -rrb- , you specifically acknowledge and agree that :",,,,,
16397,0,0,0,0,0,0,0,0,0,TikTok,82,0,"to the extent of any conflict between -lrb- a -rrb- the amazon appstore terms of use or such other terms which amazon designates as default end user license terms for the amazon appstore -lrb- `` amazon appstore eula terms '' -rrb- , and -lrb- b -rrb- the other terms and conditions in these terms , the amazon appstore eula terms shall apply with respect to your use of the platform that you download from the amazon appstore , and",,,,,
16398,0,0,0,0,0,0,0,0,0,TikTok,82,0,amazon does not have any responsibility or liability related to compliance or non-compliance by bytedance or you -lrb- or any other user -rrb- under these terms or the amazon appstore eula terms .,,,,,
16399,0,0,0,0,0,0,0,0,0,TikTok,82,0,"google play.by downloading the platform from google play -lrb- or its successors -rrb- operated by google , inc. or one of its affiliates -lrb- `` google '' -rrb- , you specifically acknowledge and agree that :",,,,,
16400,0,0,0,0,0,0,0,0,0,TikTok,82,0,"to the extent of any conflict between -lrb- a -rrb- the google play terms of services and the google play business and program policies or such other terms which google designates as default end user license terms for google play -lrb- all of which together are referred to as the `` google play terms '' -rrb- , and -lrb- b -rrb- the other terms and conditions in these terms , the google play terms shall apply with respect to your use of the platform that you download from google play , and",,,,,
16401,0,0,0,0,0,0,0,0,0,TikTok,82,0,you hereby acknowledge that google does not have any responsibility or liability related to compliance or non-compliance by bytedance or you -lrb- or any other user -rrb- under these terms or the google play terms .,,,,,
16402,0,0,0,0,0,0,0,0,0,TikTok,82,0,supplemental terms -- virtual items policy,,,,,
16403,0,0,0,0,0,0,0,0,0,TikTok,82,0,the tiktok diamond program -lrb- the `` program '' -rrb- is open to all users of the services and is subject to the following terms and conditions of this virtual items policy .,,,,,
16404,0,0,0,0,0,0,0,0,0,TikTok,82,0,we may make the following products and incentives available to you on our platform from time to time .,,,,,
16405,0,0,0,0,0,0,0,0,0,TikTok,82,0,any user of our services may purchase virtual `` coins '' -lrb- `` coins '' -rrb- from us using authorised payment methods provided by apple or google .,,,,,
16406,0,0,0,0,0,0,0,0,0,TikTok,82,0,all charges and payments for coins will be made in the currency specified at the point of purchase through the relevant payment mechanism .,,,,,
16407,0,0,0,0,0,0,0,0,0,TikTok,82,0,"currency exchange settlements , foreign transaction fees and payment channel fees , if any , are based on your agreement with the applicable payment provider .",,,,,
16408,0,0,0,0,0,0,0,0,0,TikTok,82,0,the price of the coins will be displayed at the point of purchase .,,,,,
16409,0,0,0,0,0,0,0,0,0,TikTok,82,0,you will be responsible for the payment of any coins purchased by you .,,,,,
16410,0,0,0,0,0,0,0,0,0,TikTok,82,0,"once your purchase has been completed , your user account will be credited with coins .",,,,,
16411,0,0,0,0,0,0,0,0,0,TikTok,82,0,"-lsb- if you live in the european union , our acceptance of your order will take place when we email you to accept it , at which point a contract will come into existence between you and us .",,,,,
16412,0,0,0,0,0,0,0,0,0,TikTok,82,0,"if you wish to make changes to your purchase , please contact us .",,,,,
16413,0,0,0,0,0,0,0,0,0,TikTok,82,0,we will let you know if this change is possible .,,,,,
16414,0,0,0,0,0,0,0,0,0,TikTok,82,0,please note that changes may impact price as well as other aspects of the product .,,,,,
16415,0,0,0,0,0,0,0,0,0,TikTok,82,0,you have certain rights to withdraw from a purchase under the consumer rights directive and its implementing legislation .,,,,,
16416,0,0,0,0,0,0,0,0,0,TikTok,82,0,"however , if you purchase coins , you acknowledge and agree that we start supplying the coins to you promptly once the purchase is complete and therefore , your right to cancel or withdraw from the agreement to purchase is lost at this point . -rsb-",,,,,
16417,0,0,0,0,0,0,0,0,0,TikTok,82,0,"coins can not be exchanged for cash , or legal tender , or currency of any state , region , or any political entity , or any other form of credit .",,,,,
16418,0,0,0,0,0,0,0,0,0,TikTok,82,0,"coins can only be used on our platform and as part of our services , and can not be combined or used in conjunction with other promotions , coupons , discounts or special offers , except those designated by us .",,,,,
16419,0,0,0,0,0,0,0,0,0,TikTok,82,0,no coins may be assigned or transferred to any other user of the services or third party except as expressly permitted by bytedance in writing .,,,,,
16420,0,0,0,0,0,0,0,0,0,TikTok,82,0,"the sale , barter , assignment or other disposal of any coins , other than by bytedance , is expressly prohibited .",,,,,
16421,0,0,0,0,0,0,0,0,0,TikTok,82,0,accrued coins do not constitute property and are not transferable : -lrb- a -rrb- upon death ; -lrb- b -rrb- as part of a domestic relations matter ; or -lrb- c -rrb- otherwise by operation of law .,,,,,
16422,0,0,0,0,0,0,0,0,0,TikTok,82,0,"any coins assigned , sold , or otherwise transferred without the express written consent of bytedance are void .",,,,,
16423,0,0,1,0,0,0,0,1,0,TikTok,82,1,"any user of the services who violates the foregoing restriction is subject to the termination of account with bytedance , forfeiture of coins from his or her account , and/or liability for damages and litigation and transaction costs .",[9],,,,[4]
16424,0,0,0,0,0,0,0,0,0,TikTok,82,0,all coins of a user will expire automatically upon termination of such user 's account for any reason .,,,,,
16425,0,0,1,0,0,1,0,0,0,TikTok,82,1,"you agree that we have the absolute right to manage , regulate , control , modify and/or eliminate such coins -lsb- , where we have a valid reason to do so , -rsb- in any general or specific case , and that we will have no liability to you based on its exercise of such right .",,[1],,,[2]
16426,0,0,0,0,0,0,0,0,0,TikTok,82,0,"if you have any problems with the purchase of coins , please contact us at transaction@tiktok.com .",,,,,
16427,0,0,0,0,0,0,0,0,0,TikTok,82,0,virtual gifts of the program -lrb- `` gifts '' -rrb- constitute a limited license right for you to certain feature of digital products and services of the services .,,,,,
16428,0,0,0,0,0,0,0,0,0,TikTok,82,0,you may exchange your coins for various gifts .,,,,,
16429,0,0,0,0,0,0,0,0,0,TikTok,82,0,the exchange rate between each coin and gift will be displayed on our platform at the point of exchange .,,,,,
16430,0,0,0,0,0,0,0,0,0,TikTok,82,0,"published prices do not include taxes -lrb- and , to the extent required by applicable laws in your jurisdiction , shall include taxes -rrb- .",,,,,
16431,0,0,0,0,0,0,0,0,0,TikTok,82,0,"if any gifts are subject to sales tax in any jurisdiction and you have not paid the applicable sales tax to us , then you will be responsible for the payment of such sales tax and any related penalties or interest to the relevant tax authority .",,,,,
16432,0,0,0,0,0,1,0,0,0,TikTok,82,1,"you agree that we have the absolute right to manage , regulate , control , modify and/or eliminate such exchange rate as we see fit in our sole discretion , in any general or specific case , and that we will have no liability to you based on our exercise of such right .",,[1],,,
16433,0,0,0,0,0,0,0,0,0,TikTok,82,0,"-lsb- if you live in the european union , our acceptance of your order will take place when we email you to accept it , at which point a contract will come into existence between you and us .",,,,,
16434,0,0,0,0,0,0,0,0,0,TikTok,82,0,"if you wish to make changes to your purchase , please contact us .",,,,,
16435,0,0,0,0,0,0,0,0,0,TikTok,82,0,we will let you know if this change is possible .,,,,,
16436,0,0,0,0,0,0,0,0,0,TikTok,82,0,please note that changes may impact price as well as other aspects of the product . -rsb-,,,,,
16437,0,0,0,0,0,0,0,0,0,TikTok,82,0,all sales of gifts are final and we do not offer refunds for any purchased gifts .,,,,,
16438,0,0,0,0,0,0,0,0,0,TikTok,82,0,"when you have exchanged your coins for gifts , such coins will have been used up in your user account .",,,,,
16439,0,0,0,0,0,0,0,0,0,TikTok,82,0,"instead , your user account will be credited with gifts .",,,,,
16440,0,0,0,0,0,0,0,0,0,TikTok,82,0,"gifts can not be converted into or exchanged for coins or cash , or be refunded or reimbursed by us for any reason .",,,,,
16441,0,0,0,0,0,0,0,0,0,TikTok,82,0,gifts exchanged or received by any user do not constitute property and are not transferable : -lrb- a -rrb- upon death ; -lrb- b -rrb- as part of a domestic relations matter ; or -lrb- c -rrb- otherwise by operation of law .,,,,,
16442,0,0,0,0,0,0,0,0,0,TikTok,82,0,"bytedance may replace previously exchanged copies of gifts , if we determine in our sole discretion that the gifts exchanged or received by a user is corrupted or otherwise damaged .",,,,,
16443,0,0,0,0,0,0,0,0,0,TikTok,82,0,we will not charge additional fee for reissuing a corrupted or otherwise damaged gift .,,,,,
16444,0,0,0,0,0,0,0,0,0,TikTok,82,0,"if you receive a corrupted or otherwise damaged gift , then please conduct us at transaction@tiktok.com .",,,,,
16445,0,0,0,0,0,0,0,1,0,TikTok,82,1,"bytedance reserves the right to terminate , in its sole and absolute discretion , the account of any user that is deemed to be abusing this provision .",[0],,,,
16446,0,0,0,0,0,0,0,0,0,TikTok,82,0,"in relation to a live stream product , you may contribute your gifts to rate or show your appreciation for an item of user content that is uploaded or streamed by another user -lrb- `` content provider '' -rrb- .",,,,,
16447,0,0,0,0,0,0,0,0,0,TikTok,82,0,"when this functionality is available on the services , you can contribute gifts to user content by clicking the `` give gift '' button below the relevant user content .",,,,,
16448,0,0,0,0,0,0,0,0,0,TikTok,82,0,"when you have contributed a gift to an item of user content , this gift will have been used up in your account , and converted into diamond -lrb- as defined and further explained below -rrb- in the content provider 's account .",,,,,
16449,0,0,0,0,0,0,0,0,0,TikTok,82,0,"please note that when you give a gift to another user you do so publically so other users on the services -lrb- including the recipient of the gift -rrb- can see your name , user id and the details of the gift that you gave .",,,,,
16450,0,0,0,0,0,0,0,0,0,TikTok,82,0,"-lsb- by giving a gift , you consent to this information being made available in this manner . -rsb-",,,,,
16451,0,0,0,0,0,0,0,0,0,TikTok,82,0,"if you have any problems with gifts , please contact us at transaction@tiktok.com .",,,,,
16452,0,0,0,0,0,0,0,0,0,TikTok,82,0,"in a live stream product , a content provider will be entitled to earn virtual credit -lrb- `` diamond '' -rrb- based on the gifts he/she receives , as a measurement by us on the popularity of the relevant user content , at a rate of conversion to be determined by bytedance from time to time in its absolute and sole discretion .",,,,,
16453,0,0,0,0,0,0,0,0,0,TikTok,82,0,"for purposes of clarity , users can not purchase diamonds .",,,,,
16454,0,0,0,0,0,0,0,0,0,TikTok,82,0,no diamonds may be assigned or transferred to any other user of the services or third party except as expressly permitted by bytedance in writing .,,,,,
16455,0,0,0,0,0,0,0,0,0,TikTok,82,0,diamonds can not be exchanged for coins or gifts .,,,,,
16456,0,0,0,0,0,0,0,0,0,TikTok,82,0,"the sale , barter , assignment , exchange , transfer or other disposal of any diamonds , other than by bytedance , is expressly prohibited .",,,,,
16457,0,0,0,0,0,0,0,0,0,TikTok,82,0,accrued diamonds do not constitute property and are not transferable : -lrb- a -rrb- upon death ; -lrb- b -rrb- as part of a domestic relations matter ; or -lrb- c -rrb- otherwise by operation of law .,,,,,
16458,0,0,0,0,0,0,0,0,0,TikTok,82,0,"any diamonds assigned , sold , or otherwise transferred without the express written consent of bytedance are void .",,,,,
16459,0,0,1,0,0,0,0,1,0,TikTok,82,1,"any user of the services who violates the foregoing restriction is subject to the termination of account with bytedance , forfeiture of diamonds from his or her account , and/or liability for damages and litigation and transaction costs .",[9],,,,[4]
16460,0,0,1,0,0,1,0,0,0,TikTok,82,1,"you agree that bytedance has the absolute right to manage , regulate , control , modify and/or eliminate such diamonds as it sees fit in its sole discretion , in any general or specific case , and that bytedance will have no liability to you based on its exercise of such right .",,[1],,,[2]
16461,0,0,0,0,0,0,0,0,0,TikTok,82,0,"at any point , a content provider can see how much diamond he/she has accrued on a real-time basis by checking their user account .",,,,,
16462,0,0,0,0,0,0,0,0,0,TikTok,82,0,"a content provider can choose , by selecting the relevant options in their user account , to withdraw diamond in exchange for monetary compensation -lrb- to be denominated in us dollars -rrb- .",,,,,
16463,0,0,0,0,0,0,0,0,0,TikTok,82,0,the applicable monetary compensation will be calculated by us based on various factors including the amount of a user 's diamond .,,,,,
16464,0,0,0,0,0,0,0,0,0,TikTok,82,0,"the withdrawal of diamond will be subject to the following terms and any additional information provided in the withdrawal instructions that are provided to you at the time of such withdrawal , including the applicable daily limits on withdrawal amounts :",,,,,
16465,0,0,0,0,0,0,0,0,0,TikTok,82,0,the rate of withdrawal will be displayed at the point of withdrawal .,,,,,
16466,0,0,0,0,0,1,0,0,0,TikTok,82,1,"you agree that we have the absolute right to manage , regulate , control , modify and/or eliminate such withdrawal feature as we see fit in our sole discretion , in any general or specific case , and that we will have no liability to you based on our exercise of such right ;",,[1],,,
16467,0,0,0,0,0,0,0,0,0,TikTok,82,0,the applicable cash payment will be made directly into your nominated paypal account or other third-party payment channel account -lrb- if applicable -rrb- .,,,,,
16468,0,0,0,0,0,0,0,0,0,TikTok,82,0,your first and last name needs to be an exact match to your paypal account information and your paypal account needs to be verified .,,,,,
16469,0,0,0,0,0,0,0,0,0,TikTok,82,0,it is your responsibility to ensure that you provide your paypal -lrb- or other payment channel -rrb- account information correctly .,,,,,
16470,0,0,0,0,0,0,0,0,0,TikTok,82,0,you are responsible for any losses caused by incorrect paypal -lrb- or other payment channel -rrb- account information provided by you .,,,,,
16471,0,0,0,0,0,0,0,0,0,TikTok,82,0,"payment will not be sent to a paypal account with an email address , a first and last name different from what appears on your account , and an account that has not been verified with paypal ;",,,,,
16472,0,0,0,0,0,0,0,0,0,TikTok,82,0,"we may , at our sole discretion , request you to provide information to verify your identity -lrb- including your first and last name and your state id number -rrb- .",,,,,
16473,0,0,0,0,0,0,0,0,0,TikTok,82,0,"we reserve the right to verify your identity -lrb- by requesting a photocopy of your state id card , or other proof as we may require -rrb- and eligibility qualifications to our satisfaction prior to making any payment ; and",,,,,
16474,0,0,0,0,0,0,0,0,0,TikTok,82,0,"any withdrawal request to be fulfilled to users under the age of 18 may be , at our sole discretion , fulfilled in the name of the user 's parent or legal guardian -lrb- subject to evidence of such relationship and relevant identities being verified if required by us in our sole discretion -rrb- .",,,,,
16475,0,0,0,0,0,1,0,0,0,TikTok,82,1,"although we aim to fulfil all withdrawal requests in a timely manner , we do not guarantee fulfilment within a specific period of time -lrb- including any estimated timings set out at the time of withdrawal -rrb- and we will not be liable to you or any third party for any failure to fulfil a withdrawal request within such time .",,[1],,,
16476,0,0,0,0,0,0,0,0,0,TikTok,82,0,"if you wish to convert the amount into a currency other than usd , this option may be available within your paypal -lrb- or other payment channel if applicable -rrb- account but this is at the discretion of paypal -lrb- or other payment channel if applicable -rrb- and the terms and conditions of paypal -lrb- or other payment channel if applicable -rrb- , including any applicable fees , will apply to such currency conversion .",,,,,
16477,0,0,0,0,0,0,0,0,0,TikTok,82,0,"if you are subject to any taxes imposed by any jurisdiction on these payments , you will be responsible for the payment of such taxes -lrb- including any related penalties or interest -rrb- to the relevant tax authority .",,,,,
16478,0,0,0,0,0,0,0,0,0,TikTok,82,0,we reserve the right to deduct any applicable taxes prior to making such payment if we determine that we are required to do so by applicable law .,,,,,
16479,0,0,0,0,0,0,0,0,0,TikTok,82,0,we also reserve the right to request certifications from you in relation to taxes and to report to tax authorities amounts paid and/or withheld from payments to you .,,,,,
16480,0,0,0,0,0,0,0,0,0,TikTok,82,0,we reserve the right to deduct diamond from your account if you are in breach of these terms .,,,,,
16481,0,0,0,0,0,0,0,0,0,TikTok,82,0,"we may cancel the operation of the diamond incentive at any time -lsb- on reasonable notice or , if there is a valid reason for our cancellation , on limited or no notice . -rsb-",,,,,
16482,0,0,0,0,0,0,0,0,0,TikTok,82,0,"-lsb- if we cancel the diamond incentive , you shall have no right or entitlement to any financial compensation in respect of any diamond accrued prior to the date of cancellation of the initiative that has not been converted into cash using the mechanism set out in these terms . -rsb-",,,,,
16483,0,0,0,0,0,0,0,0,0,TikTok,82,0,"if you have any problems with diamonds , please contact us at transaction@tiktok.com .",,,,,
16484,0,0,0,0,0,0,0,1,0,TikTok,82,1,"you may cancel your account at any time , and bytedance may terminate your account in accordance with the terms .",[2],,,,
16485,0,0,0,0,0,0,0,0,0,TikTok,82,0,"all the coins , gifts or diamonds in your account will be forfeited immediately upon the cancellation or termination of your account .",,,,,
16486,0,0,0,0,0,0,0,0,0,TikTok,82,0,"there will be no refunds for any unused or unredeemed coins , gifts or diamonds or any prepaid fees for any portion of the services .",,,,,
